{"cameraMode":{"drawMode":0,"name":"Shaded","section":"Shading Mode"},"sceneLighting":true,"audioPlay":false,"sceneViewState":{"m_AlwaysRefresh":false,"showFog":true,"showSkybox":true,"showFlares":true,"showImageEffects":true,"showParticleSystems":true,"showVisualEffectGraphs":true,"m_FxEnabled":true},"in2DMode":false,"pivot":{"x":-13.075193405151368,"y":14.223998069763184,"z":1.8953109979629517},"rotation":{"x":0.020220378413796426,"y":0.8130744099617004,"z":-0.0069363112561404709,"w":0.5822019577026367},"size":0.8222654461860657,"orthographic":false}