{"cameraMode":{"drawMode":0,"name":"Shaded","section":"Shading Mode"},"sceneLighting":false,"audioPlay":false,"sceneViewState":{"m_AlwaysRefresh":false,"showFog":true,"showSkybox":false,"showFlares":true,"showImageEffects":true,"showParticleSystems":true,"showVisualEffectGraphs":true,"m_FxEnabled":true},"in2DMode":false,"pivot":{"x":9.243279457092286,"y":3.5068464279174806,"z":-28.262123107910158},"rotation":{"x":-0.10927768051624298,"y":-0.015254468657076359,"z":0.0015322563704103232,"w":-0.9939616918563843},"size":0.01909041218459606,"orthographic":false}